instance,num_phases,w_balanced,red_perc,mean_total_s,mean_solve_s,mean_build_s,mean_objective,mean_max_phase_time,std_total_s,std_solve_s,std_build_s,std_objective,std_max_phase_time
assembly_1,4,0.0,0,0.5878165919566527,0.28146099999999996,0.2639993019402027,0.8329273450820582,2156.85,0.0,0.0,0.0,0.0,0.0
assembly_1,4,0.0,5,0.8380934351822361,0.2538992,0.5263631900073961,0.8329273450820583,2156.85,0.13616237886301624,0.04407463040071918,0.07660230878674841,1.1102230246251565e-16,0.0
assembly_1,4,0.0,10,0.7752412904286757,0.2448562,0.48527842480689287,0.8329273450820583,2156.85,0.033745173631849236,0.009851544638278802,0.028030313736121172,1.1102230246251565e-16,0.0
assembly_1,4,0.0,15,0.7780762463575229,0.24809840000000002,0.485013089957647,0.8329273450820583,2156.85,0.06603085082958102,0.0369039042194725,0.06324875768967636,1.1102230246251565e-16,0.0
assembly_1,4,0.0,20,0.7657127416227013,0.2634974,0.4697558023966849,0.8329273450820583,2156.85,0.036848374552491715,0.03332567890741312,0.03629762327538386,1.1102230246251565e-16,0.0
assembly_1,4,0.0,25,0.7374379554064945,0.19556259999999998,0.49034499139524995,0.8329273450820583,2156.85,0.04053497836361488,0.02129530924499572,0.023872965950073582,1.1102230246251565e-16,0.0
assembly_1,4,0.0,30,0.676875912421383,0.1696326,0.469359042821452,0.8329273450820583,2156.85,0.03987629830157029,0.026726191076170955,0.016340779277042486,1.1102230246251565e-16,0.0
assembly_1,4,0.0,35,0.6930609325878322,0.15238680000000002,0.4967077495995909,0.8329273450820583,2156.85,0.051574780694649915,0.005658937405555922,0.043219658087409005,1.1102230246251565e-16,0.0
assembly_1,4,0.0,40,0.6967170182149858,0.155013,0.5110342086059972,0.8329273450820583,2156.85,0.06042329515019738,0.02715130994261603,0.06360200659525782,1.1102230246251565e-16,0.0
assembly_1,4,0.0,45,0.7533800618024543,0.12281519999999999,0.5935628617880866,0.8329273450820583,2156.85,0.0379303923923117,0.030085916242654134,0.025558304748222443,1.1102230246251565e-16,0.0
assembly_1,4,0.0,50,0.6813202825840563,0.104725,0.5527420609956607,0.8329273450820583,2156.85,0.07109073332118711,0.028270876258085817,0.057546476767063814,1.1102230246251565e-16,0.0
assembly_1,4,0.0,55,0.773429984995164,0.07107859999999999,0.6753221019636839,0.8329273450820583,2156.85,0.0842947578411264,0.011850642996901056,0.08619122073863571,1.1102230246251565e-16,0.0
assembly_1,4,0.0,60,0.7029070061864331,0.050994399999999995,0.6212055878015235,0.8329273450820583,2156.85,0.031631768284254784,0.009741984327640854,0.028350390619552194,1.1102230246251565e-16,0.0
assembly_1,4,0.0,65,0.5871495917905122,0.033731599999999994,0.5370570968138054,0.8329273450820583,2156.85,0.019733865491510193,0.002905223062004017,0.02449631374318551,1.1102230246251565e-16,0.0
assembly_1,4,0.0,70,0.6416818417841569,0.027367400000000004,0.5961736716097221,0.8329273450820583,2156.85,0.031958464874045384,0.0072974980808493545,0.03108568857097331,1.1102230246251565e-16,0.0
assembly_1,4,0.1,0,8.565218538977206,8.19288,0.30517140589654446,0.8398518971949389,584.04,0.0,0.0,0.0,0.0,0.0
assembly_1,4,0.1,5,7.777230055793188,7.179007400000001,0.5490678428206592,0.8398518971949388,584.04,0.6283452379560212,0.60628929338546,0.058109538599592385,0.0,0.0
assembly_1,4,0.1,10,7.691845610225573,7.0931088,0.5506376084405928,0.8398518971949388,584.04,2.1259808423822215,2.1211899786670125,0.05302120345754796,0.0,0.0
assembly_1,4,0.1,15,6.225369392987341,5.6347108,0.5297830387949943,0.8398518971949388,584.04,1.247622277012099,1.23107444136533,0.028287210789396756,8.599750569898517e-17,0.0
assembly_1,4,0.1,20,7.177744971425272,6.5459154,0.5811411012429744,0.8398518971949388,584.04,1.787085013540043,1.7350622018410293,0.07838230092407329,4.965068306494546e-17,0.0
assembly_1,4,0.1,25,5.8154818682000045,5.207722800000001,0.5508060788037256,0.8398518971949388,584.04,1.0494963477599737,1.0608482255545135,0.04145989600888422,0.0,0.0
assembly_1,4,0.1,30,6.401602668780834,5.8009258,0.563521468010731,0.8398518971949388,584.04,2.129419725448409,2.098070882291959,0.05579246053117431,7.021666937153402e-17,0.0
assembly_1,4,0.1,35,6.39415219000075,5.7410148,0.6080382796004414,0.8398518971949389,584.04,2.226937456066181,2.253707912240484,0.05654137623474206,1.2161883888976234e-16,0.0
assembly_1,4,0.1,40,5.066818757797591,4.4555299999999995,0.5763450144324451,0.8398518971949388,584.04,0.5609620334858351,0.5391765287380376,0.07542251014847998,0.0,0.0
assembly_1,4,0.1,45,5.129024305380881,4.4975806,0.587507547182031,0.8398518971949388,584.04,0.5588380374106814,0.530606655706692,0.05060266174267705,7.021666937153402e-17,0.0
assembly_1,4,0.1,50,3.3303000452229754,2.7151170000000002,0.5754289926495403,0.8398518971949388,584.04,0.38836392440594647,0.41703496023618936,0.06205181819336273,7.021666937153402e-17,0.0
assembly_1,4,0.1,55,3.1196945793693884,2.5315857999999998,0.5547061381861568,0.8398518971949388,584.04,0.905465345417072,0.9213129693183311,0.05010103791723934,4.965068306494546e-17,0.0
assembly_1,4,0.1,60,3.8943482940085232,3.1803765999999998,0.6833207489689812,0.8398518971949388,584.04,0.8099316183463257,0.8301678785008728,0.03395275824128109,7.021666937153402e-17,0.0
assembly_1,4,0.1,65,2.712152180192061,2.1090818,0.5817358829779551,0.8398518971949388,584.04,0.5063708461458393,0.5185547179102318,0.07275747604940108,4.965068306494546e-17,0.0
assembly_1,4,0.1,70,2.569784556608647,1.9951754000000002,0.55966132839676,0.8398518971949388,584.04,0.6874180441958179,0.6886291554334886,0.028058640208060308,7.021666937153402e-17,0.0
assembly_1,4,0.2,0,13.428710603970103,13.079587,0.28507119801361114,0.8467764493078193,584.04,0.0,0.0,0.0,0.0,0.0
assembly_1,4,0.2,5,15.381741096032783,14.826084,0.5032573502277955,0.8467764493078194,584.04,7.006480421356275,7.039975445976414,0.060372209083452914,7.021666937153402e-17,0.0
assembly_1,4,0.2,10,9.106902788998559,8.5110754,0.5449860332300887,0.8467764493078194,584.04,2.5718965387581907,2.5916270287595475,0.037956879331334153,8.599750569898517e-17,0.0
assembly_1,4,0.2,15,8.37794874724932,7.8287882,0.5034546190174296,0.8467764493078193,584.04,1.6298309762212646,1.6380456093739757,0.034104138848490215,0.0,0.0
assembly_1,4,0.2,20,6.77017346159555,6.1555174,0.556617913977243,0.8467764493078194,584.04,1.1744584960303444,1.1784195288545753,0.05685321956719457,1.3136335981433191e-16,0.0
assembly_1,4,0.2,25,9.260800096206367,8.615817199999999,0.5857554402202367,0.8467764493078193,584.04,2.7569628430156454,2.7394939514232477,0.0357727872226915,4.965068306494546e-17,0.0
assembly_1,4,0.2,30,7.225864275195636,6.620985,0.5514852051855996,0.8467764493078193,584.04,2.0265649015466543,2.0426630289100554,0.02838071587029365,7.021666937153402e-17,0.0
assembly_1,4,0.2,35,5.405601719417609,4.8373716,0.5298137786099687,0.8467764493078193,584.04,0.5778470113278108,0.5958798341818925,0.03230263229357045,0.0,0.0
assembly_1,4,0.2,40,6.911235215608031,6.2103544,0.6482421593973413,0.8467764493078194,584.04,1.3439049917529624,1.338914044088955,0.12458803790789001,4.965068306494546e-17,0.0
assembly_1,4,0.2,45,4.142301889020018,3.4958529999999994,0.6026025611907244,0.8467764493078194,584.04,0.8050737765183994,0.8057675693496235,0.01710075453210886,7.021666937153402e-17,0.0
assembly_1,4,0.2,50,3.187745375977829,2.6384952000000004,0.5166771727614105,0.8467764493078194,584.04,0.4981123727571524,0.49892324342904704,0.03230949993144355,1.3136335981433191e-16,0.0
assembly_1,4,0.2,55,4.041488336352631,3.4343719999999998,0.5817956947721541,0.8467764493078193,584.04,0.880863632621199,0.8265756741276626,0.10138254576389892,4.965068306494546e-17,0.0
assembly_1,4,0.2,60,3.260397933400236,2.6818143999999995,0.5454919653944671,0.8467764493078193,584.04,0.5009912608000542,0.521466615233075,0.05151187617870443,1.3136335981433191e-16,0.0
assembly_1,4,0.2,65,2.6680711259832606,2.1141636000000004,0.5341238304041326,0.8467764493078193,584.04,0.45354829733554486,0.4791929774341857,0.06228378840501806,0.0,0.0
assembly_1,4,0.2,70,3.3186772133922204,2.7525542,0.5514390349853784,0.8467764493078193,584.04,0.9356614802764329,0.907943931196503,0.03010206100255587,1.1102230246251565e-16,0.0
assembly_1,4,0.3,0,98.66326462605502,98.348707,0.2737710310611874,0.8537010014206998,584.04,0.0,0.0,0.0,0.0,0.0
assembly_1,4,0.3,5,19.909743676963263,19.3300966,0.526156517979689,0.8537010014206997,584.04,9.805443966236062,9.813155344592046,0.03698404728641637,4.965068306494546e-17,0.0
assembly_1,4,0.3,10,15.558673155400902,14.967999800000001,0.531767662637867,0.8537010014206997,584.04,4.367723436715136,4.392574777099072,0.04905217182344123,0.0,0.0
assembly_1,4,0.3,15,19.310147086228245,18.688576,0.5545113272033632,0.8537010014206997,584.04,10.045373990812381,10.057416078660264,0.05423922981294422,4.965068306494546e-17,0.0
assembly_1,4,0.3,20,15.365507564973086,14.806779599999999,0.5168915658025071,0.8537010014206997,584.04,6.760129119421618,6.752663668849992,0.03557628077293087,4.965068306494546e-17,0.0
assembly_1,4,0.3,25,6.971575104584917,6.4030658,0.5224038993939757,0.8537010014206997,584.04,1.4704311125206921,1.4870964686003931,0.026475869355201808,4.965068306494546e-17,0.0
assembly_1,4,0.3,30,7.903489996376448,7.3791358,0.4892406543949619,0.8537010014206997,584.04,1.8411479796545196,1.8375706348671772,0.04289185432779333,4.965068306494546e-17,0.0
assembly_1,4,0.3,35,6.45814037497621,5.9382588,0.4763472434133291,0.8537010014206997,584.04,1.441237574564475,1.406813406616585,0.11997006654307364,4.965068306494546e-17,0.0
assembly_1,4,0.3,40,4.54709518935997,4.0240466,0.4856603195890784,0.8537010014206997,584.04,0.637850972149715,0.6138275143098751,0.05574483910959532,4.965068306494546e-17,0.0
assembly_1,4,0.3,45,4.084960270789452,3.5958052,0.4639633812243119,0.8537010014206997,584.04,1.2875726919216928,1.2940860366789222,0.016823633125660743,1.4895204919483638e-16,0.0
assembly_1,4,0.3,50,3.50883621936664,2.9947996,0.4773620361695066,0.8537010014206998,584.04,0.5677866291535874,0.5519501672559218,0.026590457256161364,8.599750569898517e-17,0.0
assembly_1,4,0.3,55,2.6886850876268,2.2021302,0.4584652055986226,0.8537010014206997,584.04,0.7949223117871613,0.8108925287285362,0.0289389295147821,0.0,0.0
assembly_1,4,0.3,60,2.3331874624360354,1.834266,0.475758718024008,0.8537010014206998,584.04,0.5958459449216333,0.6139891504960002,0.024466628892627386,1.2161883888976234e-16,0.0
assembly_1,4,0.3,65,2.9196800468023865,2.4463898,0.45811685239896177,0.8537010014206997,584.04,0.9860685774811375,1.0041762145972988,0.04229459283697926,4.965068306494546e-17,0.0
assembly_1,4,0.3,70,1.6972311629913748,1.215121,0.46671270199585707,0.8537010014206997,584.04,0.17810390395723188,0.17058613369087183,0.017515622278154484,4.965068306494546e-17,0.0
assembly_1,4,0.4,0,79.65508070809301,79.299529,0.29905226605478674,0.8606255535335803,584.04,0.0,0.0,0.0,0.0,0.0
assembly_1,4,0.4,5,26.055779387592338,25.445665400000003,0.5519731781678274,0.8606255535335803,584.04,3.527141497034531,3.548318269696539,0.0291659414717774,9.930136612989092e-17,0.0
assembly_1,4,0.4,10,33.49352345061489,32.8853136,0.5562818820122629,0.8606255535335803,584.04,13.130549160978335,13.140119489550964,0.02164849776360477,9.930136612989092e-17,0.0
assembly_1,4,0.4,15,27.00156828602776,26.3979262,0.5359755222219974,0.8606255535335803,584.04,20.794256568127487,20.81063289874737,0.05222815429036328,9.930136612989092e-17,0.0
assembly_1,4,0.4,20,15.787886527786032,15.278371400000001,0.470638498198241,0.8606255535335802,584.04,5.137371567738244,5.143859408243604,0.04973482964342332,1.1102230246251565e-16,0.0
assembly_1,4,0.4,25,20.62904298477806,20.0920092,0.48904067517723887,0.8606255535335803,584.04,14.095411379349564,14.099107345070914,0.03947256622076615,1.9860273225978183e-16,0.0
assembly_1,4,0.4,30,9.476431366591715,9.011714399999999,0.4281894085928798,0.8606255535335805,584.04,2.7714476572199715,2.7697423819311857,0.01675626324165783,2.220446049250313e-16,0.0
assembly_1,4,0.4,35,10.004077483643778,9.530281800000001,0.4451803660253063,0.8606255535335803,584.04,5.765917841806515,5.7877684389668325,0.04873223099075193,9.930136612989092e-17,0.0
assembly_1,4,0.4,40,7.087541361781769,6.586829799999999,0.47011708982754496,0.8606255535335803,584.04,1.6091061181969468,1.592977875512325,0.028932026690986067,0.0,0.0
assembly_1,4,0.4,45,5.836153970612213,5.3680928,0.4443106177961454,0.8606255535335803,584.04,3.006793856927424,3.0288742311774115,0.02923322881968548,0.0,0.0
assembly_1,4,0.4,50,3.803733303793706,3.318176,0.4630103455623612,0.8606255535335803,584.04,0.5455451445023107,0.5272958728520449,0.04139002018784246,9.930136612989092e-17,0.0
assembly_1,4,0.4,55,3.234453861438669,2.728868,0.4847819592338055,0.8606255535335803,584.04,0.6104428361689356,0.5948878412759837,0.01938623586996401,0.0,0.0
assembly_1,4,0.4,60,2.6221808173926546,2.1663042,0.43883763561025263,0.8606255535335803,584.04,0.3744714884520879,0.39184311068712185,0.024208021493166972,0.0,0.0
assembly_1,4,0.4,65,2.3186446368228646,1.8461758,0.45626452879514545,0.8606255535335803,584.04,0.5862776837665901,0.6086517284609977,0.031329758220589594,0.0,0.0
assembly_1,4,0.4,70,1.9215276615926995,1.4491342,0.4572471258230507,0.8606255535335803,584.04,0.2130430303463038,0.23701361086941822,0.04991818290562833,9.930136612989092e-17,0.0
assembly_1,4,0.5,0,79.66371425194666,79.395019,0.23331186489667743,0.8675501056464607,584.04,0.0,0.0,0.0,0.0,0.0
assembly_1,4,0.5,5,82.08788947016001,81.42735400000001,0.5982548164203763,0.8675501056464607,584.04,37.34882814285777,37.32676738099611,0.049224607496172655,1.1102230246251565e-16,0.0
assembly_1,4,0.5,10,45.15474556577392,44.6226696,0.4855697535909712,0.867550105646461,584.04,22.013218158322914,22.011101873206297,0.05865471394303255,1.8577584504832502e-16,0.0
assembly_1,4,0.5,15,37.16177228339948,36.6903438,0.4262200739933178,0.867550105646461,584.04,27.39674566373538,27.395163349429055,0.04543890984555772,2.1642230995786356e-16,0.0
assembly_1,4,0.5,20,28.848078338801862,28.423562599999997,0.39121068122331054,0.8675501056464607,584.04,10.677697177077073,10.6744298203931,0.011522578148282697,7.021666937153402e-17,0.0
assembly_1,4,0.5,25,13.970548826968297,13.5442172,0.3904297555796802,0.8675501056464607,584.04,7.252439662726079,7.253824641500356,0.00747525579657895,1.7199501139797033e-16,0.0
assembly_1,4,0.5,30,10.673852260573767,10.245267199999999,0.4004452227847651,0.867550105646461,584.04,2.7394451664139585,2.731858280702818,0.02643120869820309,9.930136612989092e-17,0.0
assembly_1,4,0.5,35,13.527348166005686,13.1164028,0.3842742318054661,0.8675501056464607,584.04,7.192345395860799,7.195559386729218,0.006666418214708101,4.965068306494546e-17,0.0
assembly_1,4,0.5,40,6.2372812977992,5.818548399999999,0.38954280260950325,0.8675501056464607,584.04,2.8876676284065423,2.891560913798331,0.00753335747728719,8.599750569898517e-17,0.0
assembly_1,4,0.5,45,7.4380280100042,7.0232934,0.39037398737855256,0.8675501056464607,584.04,2.7756623772422433,2.7851421434365324,0.013469507861977256,9.930136612989092e-17,0.0
assembly_1,4,0.5,50,3.293125312379561,2.8723232,0.3988004555692896,0.8675501056464607,584.04,0.6242994205589958,0.6275309189824515,0.010456102662119387,8.599750569898517e-17,0.0
assembly_1,4,0.5,55,2.7748068508226424,2.363338,0.38988706504460424,0.8675501056464607,584.04,0.5839111148291664,0.5769664624062649,0.005514526042971949,8.599750569898517e-17,0.0
assembly_1,4,0.5,60,3.6380330265965313,3.2309238000000002,0.3897015489870682,0.8675501056464607,584.04,1.6473746483976952,1.6389832427124325,0.013474702027904717,1.3136335981433191e-16,0.0
assembly_1,4,0.5,65,2.336756809637882,1.934761,0.386735967034474,0.8675501056464607,584.04,0.3437915663693035,0.3457347649612344,0.005643865867286146,4.965068306494546e-17,0.0
assembly_1,4,0.5,70,1.9241606537951157,1.5266752000000001,0.3840579884592444,0.8675501056464607,584.04,0.2566093348763414,0.26115536044691867,0.00938952184699526,9.930136612989092e-17,0.0
assembly_1,4,0.6,0,51.98005359398667,51.680981,0.2501076980261132,0.8744746577593414,584.04,0.0,0.0,0.0,0.0,0.0
assembly_1,4,0.6,5,110.87760703638196,110.30466100000001,0.5123748006066308,0.8744746577593414,584.04,19.945318190392594,19.94007497885161,0.05528264496647777,8.599750569898517e-17,0.0
assembly_1,4,0.6,10,75.79321058802307,75.33276959999999,0.4211151510011405,0.8744746577593414,584.04,18.92536230257097,18.94106360584568,0.02706658707901524,7.021666937153402e-17,0.0
assembly_1,4,0.6,15,57.91727742124349,57.4646776,0.411757415602915,0.8744746577593414,584.04,26.320828768598204,26.25763636632896,0.06153533507353477,8.599750569898517e-17,0.0
assembly_1,4,0.6,20,42.830392195633614,42.4261654,0.37295353463850917,0.8744746577593414,584.04,12.691256876830886,12.69392809750866,0.017211701350029703,7.021666937153402e-17,0.0
assembly_1,4,0.6,25,36.05596138581168,35.6657476,0.35810635341331365,0.8744746577593414,584.04,11.08500764380902,11.084792467809953,0.0068705022173143,8.599750569898517e-17,0.0
assembly_1,4,0.6,30,23.70336712580174,23.32154,0.3556422111811116,0.8744746577593412,584.04,15.802243332286809,15.799180247134,0.0031719865672762172,9.930136612989092e-17,0.0
assembly_1,4,0.6,35,18.20139160382096,17.8264234,0.35015745903365314,0.8744746577593414,584.04,5.905407554730023,5.905180218562363,0.0060506069840729785,9.930136612989092e-17,0.0
assembly_1,4,0.6,40,8.707771979412064,8.325944999999999,0.35559124138671905,0.8744746577593412,584.04,4.4141829010250335,4.411196201956244,0.005753727026280126,1.4043333874306804e-16,0.0
assembly_1,4,0.6,45,8.646165010007099,8.2687656,0.35402369322255256,0.8744746577593414,584.04,3.7020092914135243,3.7056417726674877,0.004836792855937103,9.930136612989092e-17,0.0
assembly_1,4,0.6,50,3.2303426422178747,2.8433566,0.3660240348195657,0.8744746577593412,584.04,0.6926991734365081,0.6818096883484717,0.011591324651059899,1.1102230246251565e-16,0.0
assembly_1,4,0.6,55,3.567514918395318,3.1929682,0.35571631020866334,0.8744746577593412,584.04,1.2979439111047972,1.3004999421926016,0.007622778431146066,1.4043333874306804e-16,0.0
assembly_1,4,0.6,60,2.414628608827479,2.0465828,0.35201563383452594,0.8744746577593414,584.04,0.3530215401091199,0.3553549866955014,0.004578042148738983,9.930136612989092e-17,0.0
assembly_1,4,0.6,65,1.8940486678387969,1.5163332,0.36310016561765224,0.8744746577593414,584.04,0.1832076963354473,0.1719849215941909,0.020975345697782904,1.3136335981433191e-16,0.0
assembly_1,4,0.6,70,1.9275493670254946,1.5435392000000001,0.37150467722676694,0.8744746577593414,584.04,0.4055156351254269,0.41019620201527957,0.014920519226270922,7.021666937153402e-17,0.0
assembly_1,4,0.7,0,65.72648596309591,65.425808,0.23924829706083983,0.8805102637229395,581.12,0.0,0.0,0.0,0.0,0.0
assembly_1,4,0.7,5,99.9168825786328,99.280443,0.572577907051891,0.8805102637229396,581.12,19.22940619246102,19.17818717906203,0.07644898718640954,0.0,0.0
assembly_1,4,0.7,10,99.07923514819704,98.61759140000001,0.42499085117597135,0.8805102637229396,581.12,29.585914672799895,29.568056575153996,0.03043024434211873,7.021666937153402e-17,0.0
assembly_1,4,0.7,15,65.38800611556508,64.9488882,0.4026901663979515,0.8808658421826525,582.2879999999999,23.871559469806193,23.882949757700008,0.023753836913578474,0.0004354928949107155,1.4305020097853558
assembly_1,4,0.7,20,39.759840778191574,39.366222199999996,0.3633271716302261,0.8808658421826525,582.2879999999999,7.007388014026364,7.006384758968564,0.004802979407125568,0.0004354928949106611,1.4305020097853558
assembly_1,4,0.7,25,29.09608507498633,28.7000604,0.3636007244000211,0.8808658421826525,582.2879999999999,22.08062786793787,22.081533257498283,0.002569462676943159,0.00043549289491069736,1.4305020097853558
assembly_1,4,0.7,30,26.413163155619987,26.019041400000003,0.36714234880637375,0.881043631412509,582.872,5.688722054002943,5.684446276878148,0.008321591163934727,0.0004354928949107699,1.4305020097853558
assembly_1,4,0.7,35,23.705910778418183,23.3240854,0.3568693578010425,0.8813992098722219,584.04,8.76118165416918,8.760608604729322,0.006762801253987517,0.0,0.0
assembly_1,4,0.7,40,12.41808320977725,12.031800200000001,0.36056029617320745,0.8813992098722219,584.04,6.211660534303415,6.214395207238864,0.008616680291998325,0.0,0.0
assembly_1,4,0.7,45,9.914021398616024,9.5388488,0.35297674098983406,0.8813992098722219,584.04,3.760312651192925,3.7462295643758616,0.021046127199040716,0.0,0.0
assembly_1,4,0.7,50,5.223992331628688,4.8594196,0.3452413458144292,0.881043631412509,582.872,1.117058970442041,1.112891537105139,0.004472236020133278,0.00043549289491069736,1.4305020097853558
assembly_1,4,0.7,55,4.562816213816404,4.1950362,0.34950181040912864,0.881043631412509,582.872,1.4349787794237117,1.4310540197220232,0.005412544263923661,0.00043549289491072457,1.4305020097853558
assembly_1,4,0.7,60,2.860404207161628,2.4944534000000003,0.35033653175923973,0.8812214206423654,583.4559999999999,1.1605288848885025,1.1467433467489754,0.013241281025726446,0.0003555784597129019,1.1679999999999835
assembly_1,4,0.7,65,2.199341389606707,1.8497978,0.3362935022218153,0.8813992098722219,584.04,0.5717930596961723,0.5714948688163,0.0027173684905713808,4.965068306494546e-17,0.0
assembly_1,4,0.7,70,1.1826901922468096,0.8337394,0.33733447480481116,0.8812214206423654,583.4559999999999,0.13789234273039355,0.13761152519116993,0.0025980288717317476,0.0003555784597129019,1.1679999999999835
assembly_1,4,0.8,0,224.0804134759819,223.809635,0.23608827195130289,0.8854720967833842,574.62,0.0,0.0,0.0,0.0,0.0
assembly_1,4,0.8,5,199.19100445699877,198.6833836,0.45245190439745786,0.8855150319902536,574.62,39.24346697800776,39.198272643817596,0.04986387314847522,8.587041373924187e-05,0.0
assembly_1,4,0.8,10,122.35258283922448,121.9594016,0.36034939540550115,0.8856231999778965,575.92,34.51569588472468,34.51100958198041,0.008826458490446111,0.0003022063890248283,2.6
assembly_1,4,0.8,15,88.05672531542368,87.6871388,0.3374820718308911,0.8857948627413625,575.92,21.750392472923426,21.74738362882781,0.019576232262838,0.0005445783163564545,2.6
assembly_1,4,0.8,20,78.08142004462425,77.74929,0.3063954938435927,0.8856661351847661,575.92,12.794450894497455,12.794435027767078,0.0018810437024771912,0.000292791966578785,2.6
assembly_1,4,0.8,25,62.06306829124223,61.724103,0.3102043820079416,0.8860970691303874,578.52,11.615917277260435,11.623001797411252,0.00456901437768873,0.0004883387407068146,3.184336665618132
assembly_1,4,0.8,30,56.133702311781235,55.79964640000001,0.3108614263823256,0.885968341573791,578.52,3.750354936825837,3.7530915543205503,0.003425197068102844,0.00032471664388597244,3.184336665618132
assembly_1,4,0.8,35,37.23617984461598,36.908137800000006,0.3064228563802317,0.8867818633759544,578.52,11.034457764876205,11.035209222325971,0.002984609040188015,0.0008709875361351266,3.184336665618132
assembly_1,4,0.8,40,23.05982417159248,22.7321752,0.30400299218017607,0.8865592341830884,579.1039999999999,5.075178849429952,5.068054526355113,0.008872857394649145,0.000984201504714323,3.81326946333457
assembly_1,4,0.8,45,18.204302224423735,17.887066,0.29806897821836176,0.8867747466175704,579.104,4.482531096641779,4.483430189920883,0.00415241811915072,0.0008822598788727968,3.81326946333457
assembly_1,4,0.8,50,10.80279841516167,10.4839566,0.3002411529421806,0.8861254677374595,575.92,2.6675459689180223,2.665359938248536,0.0031440783460486236,0.0006299496017625697,2.6
assembly_1,4,0.8,55,5.678821164602414,5.364011799999999,0.29980840201023967,0.8872689663181543,580.2719999999999,2.5592963405436038,2.5591403887075366,0.0025623196924396997,0.001291855583460717,4.614838675403488
assembly_1,4,0.8,60,2.8846695594023912,2.5745398,0.29705559778958557,0.8873099834891626,579.6879999999999,1.0689930894597741,1.0678254660243685,0.0019842575688396057,0.0008584151428821262,4.273164635255686
assembly_1,4,0.8,65,2.7724962701788174,2.4650142,0.2952654406195506,0.8873529186960323,579.688,0.5699305494572006,0.5705630589771477,0.003984840696654474,0.001153215495383532,4.273164635255686
assembly_1,4,0.8,70,1.933136560022831,1.6284852,0.2942393846111372,0.887438711045759,579.6879999999999,0.2817866022723134,0.28220065897612645,0.0018808352436773276,0.0007242222125850718,4.273164635255686
assembly_1,4,0.9,0,244.12399257195648,243.83299,0.2355440619867295,0.886546893866391,574.62,0.0,0.0,0.0,0.0,0.0
assembly_1,4,0.9,5,181.00115465940908,180.4541636,0.5019219080219045,0.8865683614698258,574.62,48.111844429579456,48.105887539340294,0.1017194186161873,4.293520686964314e-05,0.0
assembly_1,4,0.9,10,149.68928707819433,149.28926040000002,0.36653360521886497,0.8868560312590528,574.62,43.06555133779414,43.06854748123527,0.014117067525711888,0.0003370803042738105,0.0
assembly_1,4,0.9,15,115.83232375141233,115.47228720000001,0.32838437939062715,0.8866907287610044,574.62,34.53784219280809,34.5503759898814,0.02027186967958596,0.00028766978922717407,0.0
assembly_1,4,0.9,20,103.378017687588,103.04237160000002,0.30907290999311954,0.8868268091111775,574.62,33.074514152268925,33.07701694575667,0.006804047795091583,0.0003015621064107179,0.0
assembly_1,4,0.9,25,82.51287920242176,82.1715876,0.31233556519728156,0.8873638050406967,574.62,9.176484006271597,9.179098449046215,0.004221375038130979,0.0006244842484886437,0.0
assembly_1,4,0.9,30,68.04132765722461,67.717235,0.3011802247958258,0.8869948563956651,574.62,4.300307994818683,4.302371251760635,0.011244901483958627,0.0004984856653480437,0.0
assembly_1,4,0.9,35,58.02554654555861,57.7185824,0.28664236480835825,0.8870055901973822,574.62,13.963091014441941,13.961525964373113,0.00482356880878231,0.0005707399201989005,0.0
assembly_1,4,0.9,40,34.29713813080453,33.9872874,0.2915193546330556,0.8884048781434426,575.92,13.957589509625064,13.952473109006341,0.013013819339803577,0.0019611145496698425,2.6
assembly_1,4,0.9,45,27.4387458344223,27.134321999999997,0.2857396028004587,0.8881676151234805,575.92,8.140085337129898,8.140845613830127,0.002122175845370395,0.0019265227058351908,2.6
assembly_1,4,0.9,50,14.59693557464052,14.291175199999998,0.28929432118311527,0.8883728735711219,575.92,3.294866580647622,3.2891334330337156,0.007141693943399422,0.0017990710733284485,2.6
assembly_1,4,0.9,55,10.085317734372802,9.7806438,0.28901981059461834,0.8906936948651263,577.8039999999999,3.223274228585388,3.220433200154004,0.004228496909805943,0.0026908237922996605,4.0074211158798745
assembly_1,4,0.9,60,4.459280111198313,4.156214,0.2901620962191373,0.8880776402141105,574.62,0.8109590480520551,0.8100807097510714,0.0027461226151755105,0.0009029724697113868,0.0
assembly_1,4,0.9,65,3.261628899234347,2.9625133999999997,0.2875917482189834,0.8898586831541502,576.5039999999999,0.5758913933587072,0.5704696261518575,0.007825880185865155,0.002967895065286041,3.7679999999999834
assembly_1,4,0.9,70,2.908883219351992,2.6126899999999997,0.285565992561169,0.8902799335737246,577.804,1.0209029229604192,1.020823881667156,0.003660022120941495,0.003285042190625961,4.0074211158798745
assembly_1,4,1.0,0,245.8128969760146,245.423156,0.3230444780783728,0.8766233504120694,567.5,0.0,0.0,0.0,0.0,0.0
assembly_1,4,1.0,5,181.6675468492089,181.12981159999998,0.4841425808146596,0.8779209074417544,568.3399999999999,33.049685185640946,33.00725995380699,0.07692273454998731,0.00259511405936963,1.6800000000000181
assembly_1,4,1.0,10,120.16775485156104,119.76987920000002,0.36248998739756644,0.8779209074417544,568.3399999999999,37.840115070622836,37.82916269407026,0.011282183805587896,0.00259511405936963,1.6800000000000181
assembly_1,4,1.0,15,85.06676308021414,84.6896566,0.3447336511919275,0.8766233504120695,567.5,31.47998800275665,31.477840790497506,0.007945229960150199,4.965068306494546e-17,0.0
assembly_1,4,1.0,20,69.80504411682486,69.4707946,0.30863816402852534,0.880516021501124,570.0200000000001,22.011967104546805,22.010863891295397,0.0026934617055005207,0.0031783526348892165,2.057571383937892
assembly_1,4,1.0,25,51.991050919564444,51.6528172,0.30977217517793176,0.8779209074417544,568.3399999999999,19.025692166952116,19.02696767877703,0.0029159374586443785,0.00259511405936963,1.6800000000000181
assembly_1,4,1.0,30,45.18386067023967,44.853307599999994,0.30756471960339693,0.8818135785308087,570.86,10.411612071059904,10.410960406663134,0.003942827820592309,0.00259511405936963,1.6800000000000181
assembly_1,4,1.0,35,27.950224908813833,27.620896600000002,0.3075282886158675,0.8805160215011238,570.0200000000001,6.8027692479758075,6.800071103153278,0.002306664148317824,0.003178352634889153,2.057571383937892
assembly_1,4,1.0,40,23.57928753097076,23.2451156,0.3106960283825174,0.8818135785308087,570.86,3.671837536571412,3.6669490986285913,0.005555454138213844,0.0025951140593695964,1.6800000000000181
assembly_1,4,1.0,45,14.88360861921683,14.550567599999999,0.31370537497568873,0.8818135785308087,570.86,2.5300191084068864,2.5225325696117857,0.008197698219493394,0.0025951140593696185,1.6800000000000181
assembly_1,4,1.0,50,10.608999372809194,10.277255400000001,0.313601064379327,0.8831111355604936,571.7,0.9050379208742545,0.9050181102145086,0.002292037579606503,8.599750569898517e-17,0.0
assembly_1,4,1.0,55,6.939499092986807,6.606951,0.31587029418442397,0.8831111355604936,571.7,1.5742507269756356,1.5766047293817178,0.006732929433841445,0.0,0.0
assembly_1,4,1.0,60,4.814414701750502,4.489445399999999,0.3106864851433784,0.8818135785308087,570.86,1.8799842391040216,1.881095082600728,0.0020995805040817227,0.002595114059369652,1.6800000000000181
assembly_1,4,1.0,65,2.822733109816909,2.5001816000000003,0.3103100288193673,0.8831111355604936,571.7,0.2800038503836722,0.28119060313360394,0.002018576456758126,8.599750569898517e-17,0.0
assembly_1,4,1.0,70,2.146010988787748,1.8303306,0.3050579834030941,0.8831111355604936,571.7,0.4610570775671781,0.46017142605624706,0.0031382512048808904,7.021666937153402e-17,0.0
